source	target
___MANANPH_00001___	___MANANPH_00001___
\n	\n
\n	\n
#	#
Muintear	Muintir
Mhanannáin	Mhanannáin
\n	\n
\n	\n
Óigfhear	Ógfhear
dathamhail	dathúil
deis-shéasamh	deis-shéasamh
a	a
bhí	bhí
ann	ann
.	.
Gruaig	Gruaig
\n	\n
fhionn-órdha	fhionn-órdha
ar	ar
a	a
cheann	cheann
,	,
paca	paca
beag	beag
ar	ar
a	a
gualainn	gualainn
\n	\n
agus	agus
é	é
ag	ag
feadghail	feadaíl
dó	dó
féin	féin
fé	faoi
mara	mara
bheadh	bheadh
aon	aon
\n	\n
óigfhear	ógfhear
saoghalta	saolta
agus	agus
é	é
ag	ag
bualadh	bualadh
an	an
bhóthair	bhóthair
dó	dó
féin	féin
\n	\n
ar	ar
a	a
shuaimhneas	shuaimhneas
.	.
Do	Do
leath	leath
na	na
súile	súile
air	air
nuair	nuair
a	a
chonnaic	chonaic
\n	\n
sé	sé
an	an
ceathrar	ceathrar
stróinséir	strainséir
i	i
lár	lár
an	an
bhóthair	bhóthair
roimis	roimhe
.	.
Do	Do
\n	\n
stad	stad
sé	sé
agus	agus
do labhair	labhair
leo	leo
ina	ina
theangain	theanga
féin	féin
.	.
Bhí	Bhí
an	an
\n	\n
glór	glór
go	go
binn	binn
agus	agus
an	an
chaint	chaint
go	go
deas	deas
soiléir	soiléir
,	,
ach	ach
má	má
bhí	bhí
\n	\n
níor	níor
thuigeadar	thuigeadar
oiread	oiread
is	is
focal	focal
uaidh	uaidh
.	.
Do dhruid	Dhruid
Seán	Seán
\n	\n
ina	ina
threo	threo
agus	agus
do dhein	rinne
comharthaí	comhartha
leis	leis
fé	faoi
mar	mar
a	a
dhein	rinne
sé	sé
\n	\n
leis	leis
na	na
leanbhaí	leanaí
.	.
\n	\n
\n	\n
“	“
I	I
n-eiteallán	n-eitleán
a	a
thángamar	thángamar
,	,
”	”
ar	ar
seisean	seisean
agus	agus
do	do
\n	\n
shín	shín
sé	sé
a	a
mhéar	mhéar
chun	chun
na	na
spéire	spéire
.	.
\n	\n
D'fhéach	D'fhéach
an	an
t-óigfhear	t-ógfhear
suas	suas
sa	sa
spéir	spéir
agus	agus
do	do
chroith	chroith
a	a
\n	\n
cheann	cheann
.	.
Do	Do
chruinnigh	chruinnigh
na	na
leanbhaí	leanaí
ina	ina
thimcheall	thimpeall
agus	agus
iad	iad
\n	\n
ag	ag
cur	cur
crónáin	crónáin
asta	astu
mar	mar
a	a
dhein	rinne
cheana	cheana
.	.
Do	Do
\n	\n
chromadar	chromadar
ar	ar
gháiridhe	gháire
annsan	ansin
agus	agus
do	do
labhradar	labhraíodar
leis	leis
\n	\n
ina	ina
dteangain	dteanga
féin	féin
.	.
\n	\n
\n	\n
“	“
Ó	Ó
,	,
bhó	bhó
,	,
bhó	bhó
,	,
”	”
arsa	arsa
Seán	Seán
,	,
“	“
is	is
dócha	dócha
go	go
bhfuilid	bhfuil siad
a	a
\n	\n
rádh	rá
leis	leis
gur	gur
cleasuidhthe	cleasaithe
sinn	sinn
,	,
nó	nó
geilt	gealt
atá	atá
tar	tar
éis	éis
ealódh	ealódh
\n	\n
as	as
tigh	tigh
na	na
ngealt	ngealt
.	.
”	”
\n	\n
\n	\n
“	“
Éist	Éist
,	,
”	”
arsa	arsa
an	an
réaltóir	réaltóir
,	,
“	“
tá	tá
sé	sé
ag	ag
cainth	cainth
linn	linn
.	.
”	”
\n	\n
\n	\n
___MANANPH_00002___	___MANANPH_00002___
\n	\n
\n	\n
Bhí	Bhí
an	an
t-óigfhear	t-ógfhear
ag	ag
caint	caint
leo	leo
agus	agus
é	é
ag	ag
díriú	díriú
a	a
mhéire	mhéire
\n	\n
chun	chun
na	na
cathrach	cathrach
.	.
Leis	Leis
sin	sin
do	do
chas	chas
sé	sé
ar	ar
a	a
sháil	sháil
agus	agus
siúd	siúd
\n	\n
thar n-ais	ar ais
é	é
an	an
bóthar	bóthar
a	a
tháinig	tháinig
sé	sé
.	.
\n	\n
\n	\n
“	“
B'fhéidir	B'fhéidir
gurab	gurb
é	é
ár	ár
leas	leas
glanadh	glanadh
linn	linn
as	as
so	seo
sul a	sula
\n	\n
bhfillidh	bhfillidh
é	é
,	,
”	”
arsa	arsa
Máirtín	Máirtín
.	.
\n	\n
\n	\n
“	“
Fanaimís	Fanaimis
leis	leis
,	,
”	”
arsa	arsa
an	an
réaltóir	réaltóir
.	.
“	“
Buachaill	Buachaill
mín	mín
-	-
\n	\n
macánta	macánta
is	is
eadh	ea
é	é
.	.
Ní	Ní
baoghal	baol
dúinn	dúinn
é	é
.	.
”	”
\n	\n
\n	\n
“	“
Tá	Tá
ocras	ocras
orm-sa	ormsa
,	,
”	”
arsa	arsa
Brian	Brian
.	.
\n	\n
“	“
Tá	Tá
ocras	ocras
buile	buile
orm-sa	ormsa
,	,
”	”
arsa	arsa
Seán	Seán
.	.
“	“
Chuirfeadh	Chuirfeadh
\n	\n
aer	aer
na	na
háite	háite
seo	seo
cíocras	cíocras
agus	agus
ampladh	ampla
chun	chun
bídh	bia
ar	ar
éinne	aon duine
.	.
”	”
\n	\n
\n	\n
“	“
Truagh	Trua
nár	nár
chuimhnígheamar	chuimhníomar
ar	ar
roinnt	roinnt
bhídh	bhia
a	a
thabhairt	thabhairt
\n	\n
linn	linn
ó'n	ón
eiteallán	eitleán
,	,
”	”
arsa	arsa
Máirtín	Máirtín
.	.
\n	\n
Níorbh	Níorbh
fhada	fhada
go	go
bhfeacadar	bhfeacadar
an	an
t-óigfhear	t-ógfhear
chúcha	chucu
arís	arís
.	.
\n	\n
Bhí	Bhí
fear	fear
eile	eile
i n-éinfheacht	in éineacht
leis	leis
agus	agus
an	an
bheirt	bheirt
aca	acu
ag	ag
siubhal	siúl
\n	\n
go	go
tapaidh	tapa
.	.
\n	\n
\n	\n
“	“
Ní	Ní
fheadar	fheadar
cé	cé
hé	hé
seo	seo
fairis	fairis
,	,
”	”
arsa	arsa
Seán	Seán
.	.
\n	\n
“	“
Oifigeach	Oifigeach
de	de
shaghas	shaghas
éigin	éigin
é	é
,	,
”	”
arsa	arsa
Máirtín	Máirtín
.	.
“	“
Féach	Féach
an	an
éide	éide
atá	atá
uime	uime
.	.
”	”
\n	\n
“	“
Gárda	Garda
Síothchána	Síochána
nó	nó
saighdiúir	saighdiúir
atá	atá
ann	ann
,	,
”	”
arsa	arsa
an	an
\n	\n
réaltóir	réaltóir
.	.
\n	\n
\n	\n
“	“
Tá	Tá
súil	súil
le	le
Dia	Dia
agam	agam
nách	nach
isteach	isteach
sa	sa
phríosún	phríosún
a	a
\n	\n
chuirfidh	chuirfidh
sé	sé
sinn	sinn
,	,
”	”
arsa	arsa
Seán	Seán
.	.
\n	\n
Do	Do
stad	stad
an	an
bheirt	bheirt
tamall	tamall
uatha	uathu
agus	agus
do labhair	labhair
an	an
\n	\n
t-oifigeach	t-oifigeach
leo	leo
.	.
Focal	Focal
níor	níor
thuig	thuig
uaidh	uaidh
.	.
Do labhair	Labhair
\n	\n
fé	faoi
arís	arís
leo	leo
agus	agus
do dhein	rinne
comharthaí	comhartha
le n-a	lena
dhá	dhá
láimh	láimh
.	.
\n	\n
\n	\n
___MANANPH_00003___	___MANANPH_00003___
\n	\n
\n	\n
“	“
Éirigh	Éirigh
as	as
,	,
a	a
mhic	mhic
ó	ó
,	,
”	”
arsa	arsa
Seán	Seán
.	.
“	“
Ní	Ní
thuigimíd	thuigimid
\n	\n
focal	focal
uait	uait
.	.
”	”
\n	\n
\n	\n
D'árduigh	D'ardaigh
an	an
t-oifigeach	t-oifigeach
a	a
lámh	lámh
agus	agus
do	do
bhagair	bhagair
ortha	orthu
\n	\n
chun	chun
teacht	teacht
ina	ina
threo	threo
.	.
\n	\n
“	“
Tá	Tá
sé	sé
á	á
rádh	rá
linn	linn
dul	dul
níos	níos
comhgaraighe	cóngaraí
dhó	dó
,	,
”	”
arsa	arsa
\n	\n
an	an
réaltóir	réaltóir
.	.
\n	\n
\n	\n
“	“
Cos	Cos
liom	liom
ní	ní
raghaidh	rachaidh
thairis	thairis
seo	seo
,	,
”	”
arsa	arsa
Seán	Seán
.	.
“	“
Do	Do
\n	\n
baineadh	baineadh
seacht	seacht
leagadh	leagan
déag	déag
asam	asam
ó	ó
thánag	tháinig mé
do'n	don
áit	áit
mhí	mhí
-	-
\n	\n
ádhmharaigh	ámharaigh
seo	seo
.	.
Téigheadh	Téadh
duine	duine
agaibh-se	agaibhse
i	i
mbeárnain	mbearna
an	an
\n	\n
bhaoghail	bhaoil
,	,
má's	más
mian	mian
libh	libh
é	é
.	.
Fanfad-sa	Fanfaidh mise
annso	anseo
,	,
”	”
agus	agus
do	do
\n	\n
shuidh	shuigh
sé	sé
ar	ar
thaobh	thaobh
an	an
bhóthair	bhóthair
\n	\n
Do	Do
bhagair	bhagair
an	an
t-oifigeach	t-oifigeach
arís	arís
ortha	orthu
agus	agus
do	do
bhagair	bhagair
go	go
\n	\n
máighistreamhail	máistriúil
agus	agus
go	go
húghdarásach	húdarásach
.	.
Dhein	Rinne
an	an
réaltóir	réaltóir
\n	\n
comharthaí	comharthaí
le n-a	lena
lámha	lámha
ad	i do
iarraidh	iarraidh
a	a
mhíniú	mhíniú
dhó	dó
ná féadfaidís	nach bhféadfaidís
\n	\n
dul	dul
thairis	thar
an	an
áit	áit
ina	ina
rabhadar	rabhadar
.	.
Do	Do
gháir	gháir
an	an
t-óigfhear	t-ógfhear
\n	\n
agus	agus
do	do
shiubhail	shiúil
ina	ina
dtreo	dtreo
go	go
dtí	dtí
go dtáinig	gur tháinig
sé	sé
chun	chun
na	na
\n	\n
háite	háite
ina	ina
rabhadar	rabhadar
.	.
Do	Do
chas	chas
sé	sé
arís	arís
agus	agus
do	do
shiubhail	shiúil
thar n-ais	ar ais
\n	\n
chun	chun
an	an
oifigigh	oifigigh
gan	gan
leagadh	leagadh
ná	ná
treascairt	treascairt
á	á
bhaint	bhaint
as	as
.	.
\n	\n
“	“
Thar	Thar
a	a
bhfeacais	bhfeac tú
riamh	riamh
,	,
”	”
arsa	arsa
Seán	Seán
.	.
\n	\n
“	“
B'fhéidir	B'fhéidir
go	go
dtéigheann	dtéann
muintear	muintir
na	na
háite	háite
saor	saor
ó	ó
\n	\n
pé	pé
comhacht	cumhacht
atá	atá
sa	sa
talamh	talamh
,	,
”	”
arsa	arsa
Máirtín	Máirtín
.	.
\n	\n
Leis	Leis
sin	sin
tháinig	tháinig
an	an
t-óigfhear	t-ógfhear
thar n-ais	ar ais
chúcha	chucu
agus	agus
é	é
ag	ag
\n	\n
gáiridhe	gáire
,	,
agus	agus
do	do
bhagair	bhagair
ortha	orthu
chun	chun
é	é
féin	féin
a	a
leanamhaint	leanúint
.	.
\n	\n
\n	\n
“	“
Leanaimís	Leanaimis
é	é
,	,
i n-ainm	in ainm
Dé	Dé
,	,
”	”
arsa	arsa
Seán	Seán
.	.
“	“
Táimíd	Táimid
\n	\n
chomh	chomh
bascaithe	basctha
,	,
brúighte	brúite
,	,
leointe	leointe
sin	sin
ná	ná
cuirfidh	cuirfidh
cúpla	cúpla
\n	\n
leagadh	leagan
eile	eile
aon	aon
bhreis	bhreis
máchail	máchail
orainn	orainn
.	.
”	”
\n	\n
\n	\n
___MANANPH_00004___	___MANANPH_00004___
\n	\n
\n	\n
D'éirigh	D'éirigh
Seán	Seán
agus	agus
do	do
shiubhail	shiúil
go	go
réidh	réidh
aicillidhe	aclaí
i	i
\n	\n
ndiaidh	ndiaidh
an	an
óigfhir	ógfhir
.	.
Do	Do
lean	lean
an	an
chuid	chuid
eile	eile
aca	acu
iad	iad
gan	gan
\n	\n
mí-thapa	míthapa
ná	ná
óspairt	óspairt
d'éirghe	d'éirí
d'éinne	d'aon duine
aca	acu
.	.
\n	\n
\n	\n
“	“
Is	Is
iongantach	iontach
an	an
obair	obair
é	é
sin	sin
,	,
”	”
arsa	arsa
Seán	Seán
.	.
“	“
Feicimís	Feicimis
\n	\n
anois	anois
cad	cad
a	a
dheanfaidh	dhéanfaidh
an	an
piarda	piarda
so	seo
linn	linn
,	,
”	”
agus	agus
thug	thug
sé	sé
\n	\n
aghaidh	aghaidh
ar	ar
an	an
oifigeach	oifigeach
.	.
“	“
Sé	Sé
do	do
bheatha	bheatha
chughainn	chugainn
,	,
a	a
Ghárda	Gharda
,	,
”	”
\n	\n
ar	ar
seisean	seisean
.	.
“	“
Tabair	Tabhair
dhom	dom
do	do
lámh	lámh
,	,
”	”
agus	agus
dó	dó
shín	shín
sé	sé
a	a
\n	\n
lámh	lámh
féin	féin
chuige	chuige
.	.
\n	\n
Ní	Níor
rug	rug
an	an
t-oifigeach	t-oifigeach
ar	ar
an	an
láimh	láimh
ach	ach
do dhein	rinne
comharthaí	comhartha
\n	\n
leo	leo
chun	chun
é	é
do	do
leanamhaint	leanúint
chun	chun
na	na
cathrach	cathrach
.	.
Do	Do
chroith	chroith
an	an
\n	\n
t-óigfhear	t-ógfhear
a	a
lámh	lámh
ag	ag
fágaint	fágáil
slán	slán
aca	acu
agus	agus
thug	thug
a	a
bhóthar	bhóthar
\n	\n
air	air
ó'n	ón
gcathair	gcathair
amach	amach
.	.
\n	\n
\n	\n
“	“
Is	Is
oth	oth
liom	liom
é	é
siúd	siúd
a	a
bheith	bheith
ag	ag
imtheacht	imeacht
uainn	uainn
,	,
”	”
arsa	arsa
\n	\n
Seán	Seán
.	.
“	“
Buachaill	Buachaill
deas	deas
cuideachtamhail	cuideachtúil
is	is
eadh	ea
é	é
murab	murab
\n	\n
ionann	ionann
is	is
an	an
fear	fear
dúr	dúr
so	seo
atá	atá
mar	mar
threoruidhe	threoraí
anois	anois
againn	againn
.	.
”	”
\n	\n
Bhíodar	Bhíodar
ag	ag
tabhairt	tabhairt
aghaidh	aghaidh
ar	ar
an	an
gcathair	gcathair
um	um
an	an
dtaca	dtaca
\n	\n
san	san
.	.
An	An
t-oifigeach	t-oifigeach
ag	ag
siubhal	siúl
rómpa	rompu
amach	amach
agus	agus
scata	scata
\n	\n
de sna	de na
leanbhaí	leanaí
ina	ina
ndiaidh	ndiaidh
aniar	aniar
.	.
\n	\n
\n	\n
“	“
Is	Is
dóigh	dóigh
leo	leo
so	seo
gur	gur
lá	lá
sorcais	sorcais
atá	atá
aca	acu
,	,
”	”
\n	\n
arsa	arsa
Seán	Seán
go	go
mí-chéadthach	míchéadfach
.	.
\n	\n
\n	\n
Bhí	Bhí
Brian	Brian
ag	ag
féachaint	féachaint
ar	ar
na	na
leanbhaí	leanaí
agus	agus
é	é
idir	idir
dhá	dhá
\n	\n
chomhairle	chomhairle
cé	cé
aca	acu
ina	ina
chogadh	chogadh
nó	nó
ina	ina
shíothcháin	shíocháin
a	a
bheadh	bheadh
sé	sé
\n	\n
eatortha	eatarthu
.	.
An	An
garsún	garsún
gur	gur
bhagair	bhagair
sé	sé
trom	trom
air	air
ó	ó
chianaibh	chianaibh
\n	\n
Do dhruid	Dhruid
sé	sé
anall	anall
chuige	chuige
agus	agus
do	do
shín	shín
rud	rud
i	i
bhfuirm	bhfoirm
ubhaill	úill
\n	\n
chuige	chuige
.	.
Do	Do
glac	glac
Brian	Brian
an	an
t-ubhall	t-úll
uaidh	uaidh
agus	agus
d'fhéach	d'fhéach
air	air
.	.
\n	\n
\n	\n
___MANANPH_00005___	___MANANPH_00005___
\n	\n
\n	\n
ba	ba
gile	gile
agus	agus
ba	ba
dheirge	dheirge
é	é
ná	ná
aon	aon
ubhall	úll
d'á	dá
bhfeaca	bhfaca
sé	sé
\n	\n
riamh	riamh
.	.
\n	\n
\n	\n
“	“
Ná	Ná
chuir	chuir
an	an
rud	rud
san	sin
id'	i do
bhéal	bhéal
,	,
”	”
arsa	arsa
an	an
réaltóir	réaltóir
\n	\n
leis	leis
.	.
“	“
B'fhéidir	B'fhéidir
gur	gur
nimh	nimh
a	a
bheadh	bheadh
ann	ann
.	.
”	”
\n	\n
Ba	Ba
dhóigh	dhóigh
leat	leat
gurbh	gurbh
amhlaidh	amhlaidh
a	a
thuig	thuig
an	an
garsún	garsún
iasachta	iasachta
\n	\n
an	an
focal	focal
a	a
dubhairt	dúirt
sé	sé
.	.
Níor dhein	Ní dhearna
sé	sé
ach	ach
an	an
t-ubhall	t-úll
a	a
\n	\n
tógaint	tógáil
ó	ó
Bhrian	Bhrian
,	,
blúire	blúire
a	a
bhriseadh	bhriseadh
dhe	de
agus	agus
é	é
chur	chur
ina	ina
\n	\n
bhéal	bhéal
féin	féin
.	.
\n	\n
\n	\n
“	“
Garsún	Garsún
beag	beag
tuiscionach	tuisceanach
,	,
om'	ó mo
briathar-sa	briathar-sa
,	,
”	”
arsa	arsa
\n	\n
Máirtín	Máirtín
.	.
\n	\n
D'ith	D'ith
Brian	Brian
an	an
chuid	chuid
eile	eile
de'n	den
ubhall	úll
agus	agus
ba	ba
mhilis	mhilis
\n	\n
blasta	blasta
an	an
earra	earra
le	le
n-ithe	n-ithe
e	é
.	.
\n	\n
Ba	Ba
ghearr	ghearr
gur	gur
stad	stad
an	an
t-oifigeach	t-oifigeach
ós comhair	os comhair
tige	tí
\n	\n
mhóir	mhóir
ar	ar
imeall	imeall
na	na
cathrach	cathrach
.	.
De	De
mhianach	mhianach
éigin	éigin
ar	ar
dhath	dhath
an	an
\n	\n
róis	róis
a	a
bhí	bhí
an	an
tigh	tigh
déanta	déanta
agus	agus
bhí	bhí
bláthanna	bláthanna
agus	agus
toir	toir
\n	\n
chumhartha	chumhra
ag	ag
fás	fás
ar	ar
an dtaobh	an taobh
amuigh	amuigh
dhe	de
.	.
\n	\n
\n	\n
“	“
Má's	Más
é	é
seo	seo
árus	áras
na	na
nGárdaí	nGardaí
Síothchána	Síochána
,	,
”	”
arsa	arsa
Seán	Seán
,	,
\n	\n
“	“
b'ait	b'ait
liom	liom
tigh	tigh
an	an
Árd-Choimisineara	Árd-Choimisineara
a	a
fheiscint	fheiceáil
.	.
”	”
\n	\n
\n	\n
Do bhuail	Bhuail
an	an
t-oifigeach	t-oifigeach
isteach	isteach
sa	sa
tigh	tigh
agus	agus
an	an
ceathrar	ceathrar
\n	\n
eile	eile
ina	ina
dhiaidh	dhiaidh
aniar	aniar
.	.
D'fhan	D'fhan
na	na
leanbhaí	leanaí
amuigh	amuigh
.	.
Do	Do
\n	\n
gabhadar	ghabhadar
tré	trí
phóirse	phóirse
go	go
rabh	raibh
brat	brat
tiugh	tiubh
ar	ar
dhath	dhath
an	an
róis	róis
\n	\n
air	air
,	,
agus	agus
do	do
seoladh	seoladh
isteach	isteach
iad	iad
i	i
seomra	seomra
fairsing	fairsing
mar	mar
a	a
\n	\n
raibh	raibh
fear	fear
ina	ina
shuidhe	shuí
.	.
Fear	Fear
meadhon-aosta	meánaosta
a	a
bhí	bhí
ann	ann
,	,
ach	ach
\n	\n
bhí	bhí
gruaig	gruaig
fhionn-órdha	fhionn-órdha
air	air
fé	faoi
mar	mar
a	a
bhí	bhí
ar	ar
gach	gach
einne	aon duine
eile	eile
\n	\n
san	san
áit	áit
.	.
Do labhair	Labhair
an	an
t-oifigeach	t-oifigeach
cúpla	cúpla
focal	focal
leis	leis
ina	ina
\n	\n
theangain	theanga
féin	féin
,	,
agus	agus
tháinig	tháinig
an	an
fear	fear
anall	anall
chúcha	chucu
.	.
\n	\n
\n	\n
___MANANPH_00006___	___MANANPH_00006___
\n	\n
\n	\n
“	“
Anois	Anois
duit	duit
,	,
a	a
Sheáin	Sheáin
,	,
”	”
arsa	arsa
an	an
réaltóir	réaltóir
,	,
“	“
dein	déan
do	do
\n	\n
chuid	chuid
comharthaí	comharthaí
leis	leis
seo	seo
,	,
féachaint	féachaint
an	an
fearr	fearr
a	a
thuigfidh	thuigfidh
sé	sé
\n	\n
thú	thú
ná	ná
mar	mar
a	a
tuig	tuig
an	an
fear	fear
eile	eile
thú	thú
.	.
”	”
\n	\n
\n	\n
“	“
Táim	Táim
bréan	bréan
díobh	díobh
,	,
mar	mar
chomharthaí	chomharthaí
,	,
”	”
arsa	arsa
Seán	Seán
,	,
ach	ach
\n	\n
mar	mar
sin	sin
féin	féin
do chuir	chuir
sé	sé
an	an
crónán	crónán
as	as
a	a
bhéal	bhéal
agus	agus
do	do
\n	\n
shuathuigh	shuathuigh
a	a
dhá	dhá
chuislinn	chuisle
ar	ar
nós	nós
duine	duine
a	a
bheadh	bheadh
ad	i do
iarraidh	iarraidh
\n	\n
eitilt	eitilt
.	.
Níor dhein	Ní dhearna
an	an
fear	fear
coigcríochach	coigríochach
ach	ach
a	a
cheann	cheann
a	a
\n	\n
chrothadh	chroitheadh
agus	agus
gáire	gáire
a	a
chur	chur
as	as
.	.
\n	\n
\n	\n
“	“
Teasbáinfead-sa	Taispeánfaidh mise
rud	rud
dó	dó
,	,
”	”
arsa	arsa
Máirtín	Máirtín
,	,
“	“
agus	agus
\n	\n
cuirim	cuirim
geall	geall
go	go
dtuigfidh	dtuigfidh
sé	sé
é	é
.	.
”	”
\n	\n
Leis	Leis
sin	sin
do chuir	chuir
sé	sé
lámh	lámh
ina	ina
phóca	phóca
agus	agus
do	do
tarraing	tarraingt
\n	\n
píosa	píosa
óir	óir
as	as
.	.
\n	\n
\n	\n
“	“
Bhí	Bhí
cúpla	cúpla
sobhran	sobhran
agam	agam
sa	sa
bhaile	bhaile
,	,
”	”
ar	ar
seisean	seisean
,	,
\n	\n
“	“
agus	agus
thugas	thug mé
liom	liom
iadh-ar	iúr
eagla	eagla
aon	aon
ghnó	ghnó
a	a
bheith	bheith
agam	agam
\n	\n
díobh	díobh
.	.
Rud	Rud
is	is
eadh	ea
an	an
t-ór	t-ór
go	go
dtuigtear	dtuigtear
a	a
ghlór	ghlór
ins gach	i ngach
\n	\n
aon	aon
áit	áit
.	.
”	”
Agus	Agus
do	do
shín	shín
sé	sé
an	an
sobhran	sobhran
chun	chun
an	an
fhir	fhir
iasachta	iasachta
.	.
\n	\n
\n	\n
D'umhluigh	D'umhlaigh
seisean	seisean
go	go
béasach	béasach
,	,
do	do
glac	glac
an	an
sobhran	sobhran
\n	\n
uaidh	uaidh
agus	agus
d'fhéach	d'fhéach
go	go
cruinn	cruinn
air	air
.	.
Bonn	Bonn
de'n	den
tseana	seana
-	-
\n	\n
dhéanamh	dhéanamh
a	a
bhí	bhí
ann	ann
agus	agus
peictiúir	pictiúir
de	de
Rí	Rí
Shasana	Shasana
greanta	greanta
\n	\n
ar	ar
thaobh	thaobh
de	de
.	.
D'infhiúch	D'iniúch
an	an
fear	fear
an	an
peictiúir	pictiúir
go	go
géar	géar
,	,
agus	agus
\n	\n
d'fhéach	d'fhéach
ó	ó
dhuine	dhuine
go	go
chéile	chéile
ortha	orthu
,	,
fé	faoi
mar	mar
a	a
bheadh	bheadh
sé	sé
ad	i do
iarraidh	iarraidh
\n	\n
a	a
dhéanamh	dhéanamh
amach	amach
cioca	cé acu
duine	duine
aca	acu
go	go
raibh	raibh
a	a
pheictiúir	phictiúir
ar	ar
\n	\n
an	an
sobhran	sobhran
.	.
Nuair	Nuair
a	a
bhí	bhí
sé	sé
sásta	sásta
ina	ina
aigne	aigne
nárbh	nárbh
einne	aon duine
\n	\n
aca-san	acusan
é	é
do	do
chroit	chroit
sé	sé
a	a
ghuailne	ghuaillí
ar	ar
nós	nós
duine	duine
go	go
raibh	raibh
\n	\n
teipithe	teipthe
air	air
bun	bun
ná	ná
barr	barr
a	a
dhéanamh	dhéanamh
de'n	den
scéal	scéal
,	,
agus	agus
do	do
\n	\n
shín	shín
an	an
píosa	píosa
óir	óir
thar n-ais	ar ais
chun	chun
Máirtín	Máirtín
.	.
\n	\n
\n	\n
___MANANPH_00007___	___MANANPH_00007___
\n	\n
\n	\n
“	“
Má	Má
labhair	labhair
an	an
t-ór	t-ór
leis	leis
siúd	siúd
is	is
léir	léir
nár	nár
thuig	thuig
sé	sé
an	an
\n	\n
rud	rud
a	a
dubhairt	dúirt
sé	sé
,	,
”	”
arsa	arsa
an	an
réaltóir	réaltóir
agus	agus
do chuir	chuir
sé	sé
\n	\n
gáire	gáire
as	as
.	.
\n	\n
Bhí	Bhí
oiread	oiread
san	san
suime	suime
aca	acu
á	á
chur	chur
sa	sa
phíosa	phíosa
óir	óir
nár	nár
\n	\n
thugadar	thugadar
fé ndeara	faoi deara
an	an
doras	doras
á	á
oscailt	oscailt
agus	agus
an	an
sean	sean
-	-
\n	\n
duine	duine
ag	ag
teacht	teacht
isteach	isteach
.	.
Sean-duine	Seanduine
críonna	críonna
liath	liath
a	a
bhí	bhí
\n	\n
ann	ann
agus	agus
dhá	dhá
shuil	shúil
gheala	gheala
aibeamhla	aibí
ann	ann
.	.
Éadaighe	Éadaí
corcra	corcra
\n	\n
a	a
bhí	bhí
uime	uime
,	,
agus	agus
iad	iad
maisighthe	maisithe
le	le
búclaí	búclaí
agus	agus
le	le
hórnáidí	hornáidí
\n	\n
geala	geala
.	.
D'umhluigh	D'umhlaigh
sé	sé
dhóibh	dóibh
go	go
béasach	béasach
agus	agus
do labhair	labhair
\n	\n
leo	leo
ina	ina
theangain	theanga
féin	féin
.	.
\n	\n
\n	\n
“	“
Ollamh	Ollamh
nó	nó
fear	fear
léighinn	léinn
é	é
seo	seo
,	,
”	”
arsa	arsa
an	an
réaltóir	réaltóir
.	.
\n	\n
“	“
Labhair	Labhair
leis	leis
,	,
A	A
Mháirtín	Mháirtín
.	.
”	”
\n	\n
“	“
Dia's	Dia is
Muire	Muire
dhuit	duit
,	,
”	”
arsa	arsa
Máirtín	Máirtín
.	.
\n	\n
“	“
Dia's	Dia is
Muire	Muire
dhuit	duit
is	is
Pádruig	Pádraig
,	,
”	”
arsa	arsa
Seán	Seán
,	,
i	i
leith	leith
\n	\n
is	is
gur	gur
leis	leis
féin	féin
a	a
labhair	labhair
sé	sé
.	.
\n	\n
Níor dhein	Ní dhearna
an	an
sean-duine	seanduine
ach	ach
gáire	gáire
leo	leo
go	go
subháilceach	suáilceach
.	.
\n	\n
\n	\n
“	“
Níl	Níl
aon	aon
Gaedhilg	Gaeilge
aige	aige
,	,
”	”
arsa	arsa
an	an
réaltóir	réaltóir
.	.
“	“
Labhair	Labhair
\n	\n
Béarla	Béarla
leis	leis
,	,
A	A
Mháirtín	Mháirtín
.	.
”	”
\n	\n
Dhein	Rinne
Máirtín	Máirtín
amhlaidh	amhlaidh
,	,
ach	ach
má	má
dhein	rinne
bhí	bhí
an	an
sean-duine	seanduine
\n	\n
chomh	chomh
dall	dall
ar	ar
an	an
mBéarla	mBéarla
agus	agus
a	a
bhí	bhí
ar	ar
an	an
nGaedhilg	nGaeilge
.	.
\n	\n
\n	\n
“	“
Labhraimís	Labhraímis
leis	leis
ins gach	i ngach
aon	aon
teangain	teanga
d'á	dá
bhfuil	bhfuil
\n	\n
ar	ar
eolas	eolas
againn	againn
,	,
”	”
arsa	arsa
Máirtín	Máirtín
,	,
“	“
féachaint	féachaint
an	an
dtuigfeadh	dtuigfeadh
\n	\n
sé	sé
aon	aon
teanga	teanga
aca	acu
.	.
”	”
\n	\n
Chomh	Chomh
maith	maith
do dhein	a rinne
.	.
Labhradar	Labhraíodar
leis	leis
as	as
Frainncis	Fraincis
,	,
\n	\n
as	as
Gearmáinis	Gearmáinis
,	,
as	as
Spáinnis	Spáinnis
agus	agus
as	as
Iodáilis	Iodáilis
.	.
Bhí	Bhí
cúpla	cúpla
\n	\n
\n	\n
___MANANPH_00008___	___MANANPH_00008___
\n	\n
\n	\n
focal	focal
de'n	den
Rúisis	Rúisis
ag	ag
Máirtín	Máirtín
agus	agus
do bhain	bhain
sé	sé
triail	triail
\n	\n
asta	astu
,	,
ach	ach
ba	ba
léir	léir
ná raibh	nach raibh
teanga	teanga
ar	ar
bith	bith
de	de
bheo-theangthacha	bheo-theangthacha
\n	\n
an	an
domhain	domhain
ag	ag
an	an
sean-duine	seanduine
.	.
\n	\n
\n	\n
“	“
Triailimís	Triailimis
na	na
teangthacha	teangacha
marbha	marbha
anois	anois
,	,
”	”
arsa	arsa
\n	\n
Máirtín	Máirtín
.	.
“	“
Bhfuil	bhFuil
do	do
chuid	chuid
léiginn	liginn
chlasaicigh	chlasaicigh
dearmhadtha	dearmadta
\n	\n
agat	agat
,	,
a	a
Mhicíl	Mhicíl
?	?
”	”
\n	\n
“	“
Ní	Ní
mórán	mórán
de	de
atá	atá
fágtha	fágtha
im'	i mo
cheann	cheann
,	,
is	is
baoghalach	baolach
,	,
”	”
\n	\n
arsa	arsa
an	an
réaltóir	réaltóir
,	,
“	“
ach	ach
déanfad	déanfaidh mé
mo	mo
dhícheall	dhícheall
.	.
”	”
\n	\n
B'sheo	B'sheo
chuige	chuige
arís	arís
iad	iad
.	.
Labhradar	Labhraíodar
leis	leis
as	as
Laidin	Laidin
agus	agus
\n	\n
as	as
Gréigis	Gréigis
agus	agus
as	as
Eabhrais	Eabhrais
,	,
ach	ach
bhí	bhí
fuar	fuar
aca	acu
.	.
\n	\n
\n	\n
“	“
Éirghimís	Éirím tú
as	as
,	,
”	”
arsa	arsa
Máirtín	Máirtín
.	.
Ní	Ní
fearr	fearr
a	a
bheith	bheith
\n	\n
leis	leis
.	.
”	”
\n	\n
\n	\n
“	“
Bhfuil	bhFuil
Gidis	Gidis
ag	ag
éinne	aon duine
agaibh	agaibh
?	?
”	”
arsa	arsa
Seán	Seán
go	go
\n	\n
magamhail	magúil
.	.
\n	\n
\n	\n
“	“
Bhfuil	bhFuil
aon	aon
eolas	eolas
ag	ag
éinne	aon duine
ar	ar
theangthacha	theangacha
an	an
domhain	domhain
toir	toir
?	?
”	”
arsa	arsa
an	an
réaltóir	réaltóir
.	.
“	“
Bhfuil	bhFuil
Sínis	Sínis
nó	nó
Seapánais	Seapánais
ag	ag
\n	\n
éinne	aon duine
?	?
”	”
\n	\n
Ní	Ní
raibh	raibh
,	,
agus	agus
b'éigean	b'éigean
dóibh	dóibh
éirghe	éirí
as	as
.	.
\n	\n
“	“
Má's	Más
ollamh	ollamh
nó	nó
fear	fear
léighinn	léinn
é	é
seo	seo
,	,
”	”
arsa	arsa
Seán	Seán
,	,
\n	\n
“	“
ní	ní
hé	hé
an	an
saghas	saghas
céadna	céanna
léighinn	léinn
atá	atá
air	air
agus	agus
atá	atá
oraibh-se	oraibhse
.	.
”	”
\n	\n
\n	\n
“	“
Tá	Tá
ocras	ocras
orm-sa	ormsa
,	,
”	”
arsa	arsa
Brian	Brian
,	,
agus	agus
do	do
chuimil	chuimil
sé	sé
\n	\n
a	a
lámh	lámh
d'á	dá
bholg	bholg
.	.
\n	\n
Murar	Murar
thuig	thuig
an	an
t-ollamh	t-ollamh
na	na
teangthacha	teangacha
léigheanta	léannta
,	,
do thuig	thuig
\n	\n
sé	sé
an	an
comhartha	comhartha
san	san
.	.
Do	Do
gháir	gháir
sé	sé
le	le
Brian	Brian
agus	agus
do	do
\n	\n
\n	\n
___MANANPH_00009___	___MANANPH_00009___
\n	\n
\n	\n
dhein	rinne
comhartha	comhartha
le n-a	lena
láimh	láimh
fé	faoi
mar	mar
a	a
dhéanfadh	dhéanfadh
duine	duine
agus	agus
\n	\n
é	é
ag	ag
ithe	ithe
.	.
Chuir	Chuir
Brian	Brian
liúgh	liú
as	as
le	le
háthas	háthas
.	.
\n	\n
\n	\n
“	“
Do	Do
tuig	tuig
sé	sé
mé	mé
,	,
”	”
ar	ar
seisean	seisean
.	.
“	“
Tabharfaidhsé	Tabharfaidhsé
rud	rud
\n	\n
éigin	éigin
le	le
n-ithe	n-ithe
dhúinn	dúinn
.	.
”	”
\n	\n
Do	Do
bhagair	bhagair
an	an
sean-duine	seanduine
ortha	orthu
chun	chun
dul	dul
i n-éinfheacht	in éineacht
\n	\n
leis	leis
agus	agus
do	do
leanadar	leanadar
amach	amach
sa	sa
tsráid	tsráid
é	é
.	.
An	An
garsún	garsún
a	a
\n	\n
thug	thug
an	an
t-ubhall	t-úll
do	do
Bhrian	Bhrian
ó	ó
chianaibh	chianaibh
bhí	bhí
sé	sé
ina	ina
shuidhe	shuí
ar	ar
an	an
\n	\n
bhfaithche	bhfaiche
leasmuigh	lasmuigh
de'n	den
doras	doras
agus	agus
é	é
ag	ag
feitheamh	feitheamh
leo	leo
.	.
\n	\n
Nuair	Nuair
a	a
chonnaic	chonaic
sé	sé
chuige	chuige
iad	iad
do	do
phreab	phreab
sé	sé
ina	ina
sheasamh	sheasamh
\n	\n
agus	agus
é	é
ag	ag
gáiridhe	gáire
leo	leo
.	.
\n	\n
\n	\n
“	“
Seadh	Sea
,	,
a	a
bhuachaillín	bhuachaillín
bháin	bháin
,	,
”	”
arsa	arsa
Seán	Seán
leis	leis
,	,
“	“
tánn	tá
\n	\n
tú	tú
ann	ann
.	.
”	”
\n	\n
Isteach	Isteach
i	i
dtigh	dtigh
ar	ar
an dtaobh	an taobh
thall	thall
de'n	den
tsráid	tsráid
a	a
thug	thug
an	an
\n	\n
sean-duine	seanduine
iad	iad
,	,
agus	agus
ba	ba
ghearr	ghearr
go	go
rabhadar	rabhadar
suidhte	suite
chun	chun
\n	\n
búird	boird
agus	agus
béile	béile
bídh	bia
ós a gcomhair	os a gcomhair
amach	amach
.	.
\n	\n
\n	\n
“	“
Ná	Ná
blaisidh	blaiseadh
an	an
biadh	bia
san	sin
go	go
fóill	fóill
,	,
”	”
arsa	arsa
Máirtín	Máirtín
,	,
\n	\n
“	“
go	go
ndéanad-sa	ndéanad-sa
é	é
thástáil	thástáil
.	.
Cá	Cá
bhfios	bhfios
ná	ná
go	go
bhfuil	bhfuil
droch	droch
\n	\n
éigin	éigin
ann	ann
a	a
bhainfeadh	bhainfeadh
luth	lúth
ár	ár
ngéag	ngéag
dínn	dínn
i	i
dtreo	dtreo
is	is
go	go
\n	\n
bhféadfaí	bhféadfaí
teacht	teacht
orainn	orainn
agus	agus
sinn	sinn
a	a
dhísciú	dhísciú
.	.
”	”
\n	\n
\n	\n
“	“
Níl	Níl
a	a
bhac	bhac
ortha	orthu
teacht	teacht
orainn	orainn
agus	agus
sinn	sinn
a	a
dhísciú	dhísciú
\n	\n
láithreach	láthair
,	,
má's	más
é	é
sin	sin
an	an
fuadar	fuadar
atá	atá
fútha	fúthu
,	,
”	”
arsa	arsa
an	an
\n	\n
réaltóir	réaltóir
.	.
\n	\n
\n	\n
“	“
Mar	Mar
adubhrais	a dúirt tú
féin	féin
ó	ó
chianaibh	chianaibh
,	,
”	”
arsa	arsa
Seán	Seán
,	,
“	“
raghad	rachaidh mé
\n	\n
sa	sa
tseans	tseans
leis	leis
.	.
Táim	Táim
caoc	caoc
leis	leis
an	an
ocras	ocras
,	,
”	”
agus	agus
do	do
\n	\n
chrom	chrom
sé	sé
ar	ar
an	an
mbiadh	mbia
a	a
ithe	ithe
.	.
”	”
\n	\n
\n	\n
___MANANPH_00010___	___MANANPH_00010___
\n	\n
\n	\n
Biadh	Bia
milis	milis
blasta	blasta
a	a
bhí	bhí
ann	ann
.	.
Rud	Rud
i	i
bhfuirm	bhfoirm
leitean	leitean
a	a
\n	\n
tugadh	tugadh
dóibh	dóibh
i	i
dtosach	dtosach
.	.
Cuireadh	Cuireadh
uibhe	uibhe
agus	agus
glasairí	glasadóirí
ós a gcomhair	os a gcomhair
\n	\n
dhiaidh	dhiaidh
san	sin
,	,
agus	agus
a	a
ndóthain	ndóthain
de	de
thorthaí	thorthaí
mísle	milse
\n	\n
agus	agus
de	de
mheas	mheas
na	na
gcrann	gcrann
.	.
Níor	Níor
tugadh	tugadh
le	le
n-ól	n-ól
dóibh	dóibh
,	,
\n	\n
amhthach	áfach
,	,
ach	ach
fíor-uisce	fíoruisce
agus	agus
deoch	deoch
éigin	éigin
reamhar	ramhar
go	go
raibh	raibh
\n	\n
bhlas	bhlas
na	na
meala	meala
uirthe	uirthi
.	.
Do thaithn	Thaitin
an	an
deoch	deoch
san	sin
go	go
mór	mór
\n	\n
le	le
Brian	Brian
,	,
ach	ach
ba	ba
ró-mhilis	rómhilis
leis	leis
na	na
fearaibh	fir
í	í
.	.
\n	\n
\n	\n
“	“
Ní	Ní
dócha	dócha
go	go
mbíonn	mbíonn
aon	aon
té	tae
aca	acu
san	san
áit	áit
seo	seo
,	,
”	”
arsa	arsa
\n	\n
Seán	Seán
.	.
\n	\n
\n	\n
“	“
Is	Is
deisé	deisé
an	an
deoch	deoch
so	seo
go	go
mór	mór
ná	ná
an	an
té	té
,	,
”	”
arsa	arsa
Brian	Brian
,	,
\n	\n
agus	agus
corn	corn
mór	mór
de'n	den
digh	deoch
á	á
dhiúl	dhiúl
aige	aige
.	.
\n	\n
Nuair	Nuair
a	a
bhí	bhí
a	a
ndóthain	ndóthain
de'n	den
bhiadh	bhia
caithte	caite
aca	acu
do tharraing	a tharraing
\n	\n
an	an
réaltóir	réaltóir
a	a
Phíopa	Phíopa
as	as
a	a
phóca	phóca
agus	agus
do	do
chrom	chrom
\n	\n
ar	ar
é	é
líonadh	líonadh
de	de
thobac	thobac
.	.
\n	\n
\n	\n
“	“
Is	Is
fearra	fearr
dhuit	duit
gan	gan
é	é
sin	sin
a	a
dheargadh	dheargadh
,	,
”	”
arsa	arsa
Máirtín	Máirtín
,	,
\n	\n
ar	ar
eagla	eagla
go	go
ndéanfaí	ndéanfaí
leat	leat
mar	mar
a	a
deineadh	rinneadh
leis	leis
an nduine	an duine
\n	\n
uasal	uasal
i	i
nEochaill-fadó	nEochaill-fadó
.	.
”	”
\n	\n
\n	\n
“	“
Cad	Cad
a	a
thárla	tharla
do'n	don
duine	duine
uasal	uasal
?	?
”	”
arsa	arsa
Brian	Brian
.	.
\n	\n
“	“
Rud	Rud
nua	nua
ab	ab
eadh	ea
an	an
tobac	tobac
an	an
uair	uair
úd	úd
,	,
”	”
arsa	arsa
\n	\n
Máirtín	Máirtín
,	,
“	“
agus	agus
nuair	nuair
a	a
chonnaic	chonaic
seirbhíseach	seirbhíseach
an	an
duine	duine
\n	\n
uasail	uasail
an	an
deatach	deatach
ag	ag
teacht	teacht
as	as
béal	béal
a	a
mháighistir	mháistir
,	,
cheap	cheap
sé	sé
\n	\n
gurbh	gurbh
amhlaidh	amhlaidh
a	a
bhí	bhí
se	sé
tré	trí
theine	thine
.	.
Cad	Cad
a	a
dhein	rinne
sé	sé
ach	ach
buicéad	buicéad
\n	\n
uisce	uisce
a	a
stealladh	stealladh
anuas	anuas
air	air
chun	chun
é	é
do	do
mhúchadh	mhúchadh
.	.
\n	\n
\n	\n
“	“
Dream	Dream
deigh-bhéasach	dea-bhéasach
cliste	cliste
is	is
eadh	ea
muintear	muintir
na	na
\n	\n
háite	háite
seo	seo
,	,
”	”
arsa	arsa
an	an
réaltóir	réaltóir
,	,
agus	agus
é	é
ag	ag
deargadh	deargadh
an	an
\n	\n
\n	\n
___MANANPH_00011___	___MANANPH_00011___
\n	\n
\n	\n
phíopa	phíopa
.	.
“	“
Ní	Ní
baogal	baogal
dóibh	dóibh
beart	beart
chomh	chomh
dícéillidhe	díchéillí
sin	sin
a	a
\n	\n
dhéanamh	dhéanamh
.	.
”	”
\n	\n
Bhí	Bhí
an	an
“	“
buachaillín	buachaillín
bán	bán
”	”
ag	ag
féachaint	féachaint
ar	ar
an	an
ndeatach	ndeatach
\n	\n
ag	ag
teacht	teacht
as	as
béal	béal
an	an
réaltóra	réaltóra
agus	agus
an	an
dá	dá
shúil	shúil
ag	ag
léimt	léim
\n	\n
ma	má
cheann	cheann
le	le
hiongnadh	hionadh
agus	agus
le	le
halltacht	halltacht
,	,
ach	ach
má	má
bhí	bhí
iongnadh	ionadh
\n	\n
ar	ar
an	an
sean-duine	seanduine
níor	níor
leig	lig
sé	sé
aon	aon
nidh	ní
air	air
.	.
\n	\n
\n	\n
“	“
Cad	Cad
a	a
dhéanfaimíd	dhéanfaimid
anois	anois
?	?
”	”
arsa	arsa
Seán	Seán
i	i
gceann	gceann
\n	\n
tamaill	tamaill
.	.
\n	\n
\n	\n
“	“
Sé	Sé
céad	céad
aitheasc	aitheasc
atá	atá
le	le
déanamh	déanamh
,	,
”	”
arsa	arsa
an	an
réaltóir	réaltóir
,	,
\n	\n
ná	ná
teanga	teanga
na	na
háite	háite
seo	seo
a	a
fhoghluim	fhoghlaim
,	,
i	i
dtreo	dtreo
is	is
go	go
mbeidh	mbeidh
\n	\n
i n-ár	inár
gcumas	gcumas
labhairt	labhairt
leis	leis
na	na
daoine	daoine
.	.
”	”
\n	\n
\n	\n
“	“
Conus	Conas
a	a
cuirfear	cuirfear
chuige	chuige
sin	sin
?	?
”	”
arsa	arsa
Seán	Seán
.	.
\n	\n
“	“
Sin	Sin
í	í
an	an
cheist	cheist
,	,
”	”
arsa	arsa
Máirtín	Máirtín
.	.
“	“
Conus	Conas
a	a
cuirfear	cuirfear
\n	\n
chuige	chuige
.	.
”	”
\n	\n
\n	\n
“	“
Múinfead-sa	Múinfidh mise
Gaedhilg	Gaeilge
do'n	don
gharsún	gharsún
so	seo
,	,
”	”
arsa	arsa
\n	\n
Brian	Brian
.	.
\n	\n
Leis	Leis
sin	sin
do	do
shín	shín
sé	sé
a	a
mhéar	mhéar
chun	chun
an	an
bhabhla	bhabhla
uisce	uisce
a	a
bhí	bhí
i	i
\n	\n
lár	lár
an	an
bhúirdh	bhúirdh
agus	agus
dubhairt	dúirt
an	an
focal	focal
:	:
“	“
Uisce	Uisce
.	.
”	”
Do	Do
\n	\n
shín	shín
an	an
garsún	garsún
eile	eile
a	a
mhéar	mhéar
féin	féin
chun	chun
an	an
uisce	uisce
agus	agus
dubhairt	dúirt
\n	\n
an	an
focal	focal
:	:
“	“
Lómá	Lómá
.	.
”	”
“	“
Lómá	Lómá
,	,
”	”
arsa	arsa
Brian	Brian
ina	ina
dhiaidh	dhiaidh
.	.
\n	\n
Do	Do
gháir	gháir
gach	gach
éinne	aon duine
agus	agus
do bhuail	bhuail
an	an
“	“
buachaillín	buachaillín
bán	bán
”	”
\n	\n
a	a
dhá	dhá
láimh	láimh
ar	ar
a	a
chéile	chéile
á	á
mholadh	mholadh
.	.
Annsan	Ansin
do	do
shín	shín
sé	sé
a	a
\n	\n
mhéar	mhéar
chun	chun
na	na
dighe	dí
éile	eile
agus	agus
dubhairt	dúirt
an	an
focal	focal
:	:
“	“
Mómá	Mómá
.	.
”	”
\n	\n
\n	\n
“	“
Mómá	Mómá
,	,
”	”
arsa	arsa
Brian	Brian
ina	ina
dhiaidh	dhiaidh
.	.
\n	\n
\n	\n
“	“
Ní	Ní
teanga	teanga
ró-chruaidh	róchrua
í	í
sin	sin
,	,
”	”
arsa	arsa
Seán	Seán
.	.
“	“
Á	Á
lómá	lómá
\n	\n
\n	\n
___MANANPH_00012___	___MANANPH_00012___
\n	\n
\n	\n
a	a
tugaim	tugaim
siad	siad
ar	ar
an	an
uisce	uisce
agus	agus
“	“
Mómá	Mómá
”	”
ar	ar
an	an
noigh	ndóigh
\n	\n
eile	eile
.	.
”	”
\n	\n
Do	Do
lean	lean
an	an
garsún	garsún
air	air
ag	ag
síneadh	síneadh
a	a
mhéire	mhéire
chun	chun
gach	gach
\n	\n
aon	aon
nidh	ní
ar	ar
an	an
mbord	mbord
agus	agus
ag	ag
rádh	rá
a	a
ainme	ainm
.	.
Do	Do
lean	lean
\n	\n
Brian	Brian
de	de
bheith	bheith
ag	ag
rádh	rá
na	na
n-ainmneacha	n-ainmneacha
ina	ina
dhiaidh	dhiaidh
.	.
Bhí	Bhí
an	an
\n	\n
sean-duine	seanduine
ag	ag
féachaint	féachaint
ortha	orthu
agus	agus
ag	ag
éisteacht	éisteacht
leo	leo
agus	agus
\n	\n
gáire	gáire
breág	breá
subháilceach	suáilceach
ar	ar
a	a
ghnúis	ghnúis
,	,
fé	faoi
mar	mar
a	a
bheadh	bheadh
ar	ar
\n	\n
mháighistir	mháistir
scoile	scoile
go	go
mbeadh	mbeadh
na	na
scoláirí	scoláirí
ag	ag
foghluim	foghlaim
go	go
\n	\n
tiugh	tiubh
uaidh	uaidh
.	.
Chuir	Chuir
sé	sé
isteach	isteach
ortha	orthu
i	i
gceann	gceann
tamaill	tamaill
agus	agus
\n	\n
do	do
theasbáin	thaispeáin
dóibh	dóibh
rud	rud
iongantach	iontach
.	.
\n	\n
Do	Do
shín	shín
sé	sé
a	a
dhá	dhá
láimh	láimh
ós cionn	os cionn
an	an
uisce	uisce
agus	agus
do	do
\n	\n
shuathuigh	shuathuigh
iad	iad
sa	sa
tslighe	tslí
is	is
go	go
raibh	raibh
barraí	barra
a	a
mhéar	mhéar
ag	ag
cuimilt	cuimilt
\n	\n
de'n	den
uisce	uisce
nách	nach
mór	mór
.	.
Le n-a	Lena
linn	linn
sin	sin
do	do
cualathas	chualathas
an	an
dá	dá
\n	\n
nóta	nóta
ceoil	ceoil
ó'n	ón
uisce	uisce
fé	faoi
mar	mar
a	a
bheadh	bheadh
guth	guth
bog	bog
binn	binn
á	á
chanadh	chanadh
.	.
\n	\n
\n	\n
“	“
Lómá	Lómá
,	,
”	”
a	a
dubhairt	dúirt
an	an
t-uisce	t-uisce
go	go
foiléir	foiléir
.	.
Do	Do
phreab	phreab
\n	\n
Seán	Seán
ina	ina
sheasamh	sheasamh
.	.
\n	\n
\n	\n
“	“
A	A
thiarcais	thiarcais
,	,
”	”
ar	ar
seisean	seisean
.	.
“	“
Tá	Tá
an	an
t-uisce	t-uisce
ag	ag
caint	caint
.	.
”	”
\n	\n
\n	\n
Thug	Thug
an	an
“	“
buachaillín	buachaillín
bán	bán
”	”
súnc	sonc
d'á	dá
uilinn	uillinn
do	do
Bhrian	Bhrian
,	,
\n	\n
do	do
shín	shín
a	a
dhá	dhá
láimh	lámh
féin	féin
ós cionn	os cionn
an	an
uisce	uisce
agus	agus
do	do
shuathuigh	shuathuigh
\n	\n
iad	iad
mar	mar
a	a
dhein	rinne
an	an
sean-duine	seanduine
.	.
Má	Má
dhein	rinne
do labhair	labhair
an	an
\n	\n
t-uisce	t-uisce
arís	arís
.	.
An	An
dá	dá
nóta	nóta
céadna	céanna
a	a
dubhairt	dúirt
sé	sé
:	:
“	“
Lómá	Lómá
.	.
”	”
\n	\n
Do	Do
shín	shín
an	an
garsún	garsún
a	a
lámh	lámh
ós cionn	os cionn
na	na
dighe	dí
eile	eile
agus	agus
\n	\n
cualathas	chualathas
dhá	dhá
nóta	nóta
eile	eile
:	:
“	“
Mómá	Mómá
”	”
a	a
dubhairt	dúirt
sí	sí
sin	sin
.	.
\n	\n
Bhí	Bhí
Seán	Seán
ag	ag
féachaint	féachaint
air	air
agus	agus
a	a
dhá	dhá
shúil	shúil
agus	agus
a	a
bhéal	bhéal
\n	\n
ar	ar
leathadh	leathadh
aige	aige
.	.
\n	\n
\n	\n
___MANANPH_00013___	___MANANPH_00013___
\n	\n
\n	\n
“	“
Sin	Sin
é	é
an	an
t-iongantas	t-iontas
is	is
mó	mó
d'á	dá
bhfeaca	bhfaca
riamh	riamh
,	,
”	”
ar	ar
\n	\n
seisean	seisean
.	.
\n	\n
\n	\n
“	“
Is	Is
féidir	féidir
do	do
gach	gach
nidh	ní
aca	acu
a	a
ainm	ainm
féin	féin
a	a
rádh	rá
.	.
”	”
\n	\n
“	“
Ní	Ní
hé	hé
sin	sin
é	é
,	,
”	”
arsa	arsa
Máirtín	Máirtín
.	.
“	“
Is	Is
amhlaidh	amhlaidh
is	is
féidir	féidir
\n	\n
dhá	dhá
nóta	nóta
a	a
bhaint	bhaint
as	as
gach	gach
nidh	ní
aca	acu
tré	tré
n'a	ina
méireanna	méara
a	a
\n	\n
chorruighe	chorraí
ar	ar
shlighe	shlí
áirithe	áirithe
ós a gcionn	os a gcionn
,	,
agus	agus
as	as
na	na
nótaí	nótaí
\n	\n
a	a
thugann	thugann
gach	gach
nidh	ní
aca	acu
uaidh	uaidh
is	is
eadh	ea
a	a
tugtar	tugtar
a	a
ainm	ainm
air	air
.	.
\n	\n
Do réir	De réir
an	an
mhianaigh	mhianaigh
atá	atá
sa	sa
rud	rud
,	,
nó	nó
do réir	de réir
na	na
slighe	slí
ina	ina
\n	\n
bhfuil	bhfuil
mion-bhlúirí	mion-bhlúirí
an	an
mhianaigh	mhianaigh
curtha	curtha
le	le
chéile	chéile
,	,
is	is
eadh	ea
a	a
\n	\n
thugann	thugann
sé	sé
nótaí	nótaí
éagsamhla	éagsúla
uaidh	uaidh
,	,
is	is
dócha	dócha
.	.
”	”
\n	\n
\n	\n
“	“
Chonnac	Chonaic
fear	fear
i	i
mBaile	mBaile
Átha	Átha
Cliath	Cliath
,	,
tá	tá
tamall	tamall
ó	ó
\n	\n
shoin	shin
ann	ann
,	,
”	”
arsa	arsa
Seán	Seán
,	,
“	“
agus	agus
é	é
ag	ag
baint	baint
ceol	ceol
as	as
úirlis	uirlis
\n	\n
éigin	éigin
a	a
bhí	bhí
aige	aige
,	,
gan	gan
oiread	oiread
is	is
barra	barra
méire	méire
a	a
chur	chur
uirthe	uirthi
,	,
\n	\n
ach	ach
tá	tá
buaidhte	buaite
glan	glan
aca	acu
so	seo
air	air
.	.
”	”
\n	\n
Do chuir	Chuir
Brian	Brian
liúgh	liú
as	as
le	le
háthas	háthas
.	.
\n	\n
\n	\n
“	“
Dheineas	Rinne mé
an	an
uair	uair
sin	sin
é	é
,	,
”	”
ar	ar
seisean	seisean
.	.
“	“
Bhaineas	Bhaineann
\n	\n
caint	caint
asan	as an
uisce	uisce
.	.
”	”
\n	\n
Shuathuigh	Shuathuigh
sé	sé
a	a
lámha	lámha
ós cionn	os cionn
an	an
uisce	uisce
agus	agus
cualathas	chualathas
\n	\n
an	an
dá	dá
nóta	nóta
uaidh	uaidh
.	.
Bhíodar	Bhíodar
go	go
bog	bog
íseal	íseal
neamh-shoiléir	neamhshoiléir
i	i
\n	\n
dtosach	dtosach
,	,
ach	ach
do réir	de réir
mar	mar
a	a
bhí	bhí
sé	sé
ag	ag
dul	dul
i	i
dtaithighe	dtaithí
na	na
\n	\n
hoibre	hoibre
,	,
bhí	bhí
na	na
nótaí	nótaí
ag	ag
dul	dul
i	i
dtreise	dtreise
agus	agus
i	i
soiléireacht	soiléireacht
\n	\n
go	go
dtí	dtí
go	go
rabhadar	rabhadar
le	le
clós	clós
ar fuaid	ar fud
an	an
tseomra	tseomra
.	.
\n	\n
\n	\n
“	“
Ná beadh	Nach mbeadh
sé	sé
go	go
breágh	breá
dá	dá
mbeadh	mbeadh
caint	caint
mar	mar
sin	sin
ag	ag
\n	\n
gach	gach
aon	aon
nídh	ní
ar	ar
an	an
saoghal	saol
so	seo
againne	againne
,	,
”	”
arsa	arsa
Brian	Brian
,	,
“	“
agus	agus
\n	\n
go	go
bhféadfaidís	bhféadfaidís
a	a
n-ainmneacha	n-ainmneacha
a	a
innsint	insint
dúinn	dúinn
as	as
\n	\n
Frainncis	Fraincis
nó	nó
as	as
Laidin	Laidin
.	.
Ní	Ní
bheadh	bheadh
aon	aon
ghádh	ghá
againn	againn
le	le
\n	\n
stuidéar	staidéar
a	a
dhéanamh	dhéanamh
as	as
leabhair	leabhair
scoile	scoile
.	.
”	”
\n	\n
\n	\n
___MANANPH_00014___	___MANANPH_00014___
\n	\n
\n	\n
“	“
Ní	Ní
fheadar	fheadar
an	an
bhféadfainn-se	bhféadfainnse
é	é
dhéanamh	dhéanamh
,	,
”	”
arsa	arsa
\n	\n
Seán	Seán
,	,
agus	agus
do	do
shuathuigh	shuathuigh
sé	sé
a	a
dhá	dhá
láimh	láimh
ós cionn	os cionn
na	na
dtorthaí	dtorthaí
.	.
\n	\n
Má	Má
shuathuigh	shuathuigh
ní	níor
cualathas	chualathas
aon	aon
fhuaim	fhuaim
.	.
\n	\n
\n	\n
“	“
Nílir	Níl tú
a	a
dhéanamh	dhéanamh
i	i
gceart	gceart
,	,
”	”
arsa	arsa
Brian	Brian
.	.
“	“
Ní	Ní
mór	mór
\n	\n
duit	duit
do	do
mhéireanna	mhéar
a	a
bheith	bheith
ag	ag
cuimilt	cuimilt
de'n	den
rud	rud
nách	nach
mór	mór
,	,
\n	\n
ach	ach
gan	gan
baint	baint
leis	leis
ar	ar
fad	fad
.	.
Dein	Déan
mar	mar
seo	seo
é	é
,	,
féach	féach
,	,
”	”
\n	\n
agus	agus
do	do
theasbáin	thaispeáin
sé	sé
dhó	dó
conus	conas
é	é
dhéanamh	dhéanamh
.	.
\n	\n
Dhein	Rinne
Seán	Seán
mar	mar
a	a
dubhradh	dúradh
leis	leis
,	,
agus	agus
ba	ba
ghearr	ghearr
gur	gur
\n	\n
éirigh	éirigh
leis	leis
a	a
dhá	dhá
nóta	nóta
ceoil	ceoil
a	a
bhaint	bhaint
as	as
gach	gach
aon	aon
nidh	ní
chomh	chomh
\n	\n
breágh	breá
soiléir	soiléir
agus	agus
a	a
dhéanfadh	dhéanfadh
an	an
“	“
buachaillín	buachaillín
bán	bán
”	”
\n	\n
féin	féin
é	é
.	.
\n	\n
\n	\n
“	“
Tá	Tá
sé	sé
agam	agam
,	,
”	”
ar	ar
seisean	seisean
.	.
“	“
Tá	Tá
sé	sé
agam	agam
,	,
”	”
agus	agus
\n	\n
bhí	bhí
oiread	oiread
áthais	áthais
air	air
agus	agus
a	a
bheadh	bheadh
ar	ar
páiste	páiste
go	go
mbeadh	mbeadh
\n	\n
bréagán	bréagán
nua	nua
aige	aige
.	.
\n	\n
Ar	Ar
ball	ball
beag	beag
do	do
hoscladh	hosclaíodh
an	an
doras	doras
agus	agus
tháinig	tháinig
\n	\n
piardaí	piardaí
d'fhear	d'fhear
mór	mór
groidhe	groí
isteach	isteach
.	.
Ní	Ní
raibh	raibh
aon	aon
duine	duine
\n	\n
de	de
mhuintir	mhuintir
Mhanannáin	Mhanannáin
ró-árd	ró-ard
ná	ná
ró-théagartha	ró-théagartha
ach	ach
bhí	bhí
an	an
\n	\n
fear	fear
so	seo
breis	breis
is	is
sé	sé
troighthe	troithe
ar	ar
aoirde	airde
agus	agus
é	é
géagach	géagach
\n	\n
slinneánach	slinneánach
d'á	dá
réir	réir
.	.
Do	Do
bhaist	bhaist
Seán	Seán
“	“
Eisirt	Eisirt
”	”
mar	mar
\n	\n
ainm	ainm
air	air
láithreach	láithreach
,	,
ach	ach
fuair	fuair
amach	amach
ina	ina
dhiaidh	dhiaidh
san	sin
gur	gur
\n	\n
Látós	Látós
an	an
ainm	ainm
a	a
bhí	bhí
air	air
le	le
ceart	ceart
.	.
\n	\n
Do labhair	Labhair
an	an
sean-duine	seanduine
leis	leis
ina	ina
theangain	theanga
féin	féin
,	,
\n	\n
agus	agus
do dhein	rinne
comharthaí	comhartha
do'n	don
chuid	chuid
eile	eile
aca	acu
a	a
chur	chur
i n-iúl	in iúl
\n	\n
dóibh	dóibh
go	go
raibh	raibh
sé	sé
féin	féin
ag	ag
imtheacht	imeacht
uatha	uathu
agus	agus
go	go
bhfanfadh	bhfanfadh
\n	\n
an	an
fear	fear
mór	mór
ina	ina
dteannta	dteannta
feasta	feasta
.	.
\n	\n
\n	\n
“	“
Tá	Tá
sás	sás
ár	ár
gcosanta	gcosanta
ann	ann
,	,
ach	ach
go	go
háirithe	háirithe
,	,
”	”
arsa	arsa
\n	\n
Seán	Seán
.	.
\n	\n
\n	\n
___MANANPH_00015___	___MANANPH_00015___
\n	\n
\n	\n
“	“
Ní	Ní
fheadar	fheadar
an	an
chun	chun
sinn	sinn
a	a
dhíon	dhíon
ar	ar
eascáirdibh	eascairdiúla
a	a
bheidh	bheidh
\n	\n
sé	sé
mar	mar
shárda	shárda
orainn	orainn
,	,
”	”
arsa	arsa
Máirtín	Máirtín
.	.
\n	\n
\n	\n
“	“
Nó	Nó
b'fhéidir	b'fhéidir
chun	chun
súil	súil
a	a
choimeád	choimeád
orainn	orainn
ar	ar
eagla	eagla
\n	\n
aon	aon
droch-obair	drochobair
a	a
bheith	bheith
ar	ar
siubhal	siúl
againn	againn
,	,
”	”
arsa	arsa
an	an
\n	\n
réaltóir	réaltóir
.	.
\n	\n
Thug	Thug
an	an
sean-duine	seanduine
le	le
tuiscint	tuiscint
dóibh	dóibh
go	go
mbeadh	mbeadh
\n	\n
lóistín	lóistín
agus	agus
aoidheacht	aíocht
le	le
fáil	fáil
aca	acu
sa	sa
tigh	teach
ina	ina
rabhadar	rabhadar
,	,
\n	\n
agus	agus
d'imthigh	d'imigh
sé	sé
uatha	uathu
.	.
\n	\n
\n	\n
“	“
Téighimís	Téimis
amach	amach
ag	ag
feiscint	feiceáil
na	na
cathrach	cathrach
,	,
”	”
arsa	arsa
an	an
\n	\n
réaltóir	réaltóir
i	i
gceann	gceann
tamaill	tamaill
.	.
\n	\n
\n	\n
“	“
Ní	Ní
fheadar	fheadar
an	an
gceadóchaidh	gceadóidh
“	“
Eisirt	Eisirt
”	”
dúinn	dúinn
dul	dul
\n	\n
amach	amach
,	,
”	”
arsa	arsa
Máirtín	Máirtín
.	.
\n	\n
\n	\n
“	“
Ní	Ní
hamhlaidh	hamhlaidh
ish	ish
dóigh	dóigh
leat	leat
a	a
coimeádfar	coimeádfar
annso	anseo
\n	\n
inár	inár
bpríosúnaigh	bpríosúnaigh
sinn	sinn
,	,
”	”
arsa	arsa
Seán	Seán
.	.
\n	\n
\n	\n
“	“
Deinimís	Déanaimid
comhartha	comhartha
gur	gur
fonn	fonn
linn	linn
dul	dul
amach	amach
,	,
”	”
\n	\n
\n	\n
arsa	arsa
an	an
réaltóir	réaltóir
.	.
\n	\n
Níor	Níor
chuir	chuir
Látós	Látós
ina	ina
gcoinnibh	gcoinne
,	,
agus	agus
do bhuail	bhuail
\n	\n
go	go
léir	léir
amach	amach
sa	sa
tsráid	tsráid
.	.
\n	\n
